"Alue,""Perhetyyppi"",""2022"""
"091 101 Vironniemen peruspiiri,""Perheet yhteensa"",3509"
"091 101 Vironniemen peruspiiri,""Aviopari ilman lapsia"",1243"
"091 101 Vironniemen peruspiiri,""Avopari ilman lapsia"",854"
"091 101 Vironniemen peruspiiri,""Aviopari ja lapsia"",798"
"091 101 Vironniemen peruspiiri,""Avopari ja lapsia"",207"
"091 101 Vironniemen peruspiiri,""aiti ja lapsia"",331"
"091 101 Vironniemen peruspiiri,""Isa ja lapsia"",76"
"091 10 Kruununhaka,""Perheet yhteensa"",1869"
"091 10 Kruununhaka,""Aviopari ilman lapsia"",640"
"091 10 Kruununhaka,""Avopari ilman lapsia"",464"
"091 10 Kruununhaka,""Aviopari ja lapsia"",432"
"091 10 Kruununhaka,""Avopari ja lapsia"",120"
"091 10 Kruununhaka,""aiti ja lapsia"",173"
"091 10 Kruununhaka,""Isa ja lapsia"",40"
"091 20 Kluuvi,""Perheet yhteensa"",176"
"091 20 Kluuvi,""Aviopari ilman lapsia"",71"
"091 20 Kluuvi,""Avopari ilman lapsia"",53"
"091 20 Kluuvi,""Aviopari ja lapsia"",34"
"091 20 Kluuvi,""Avopari ja lapsia"",8"
"091 20 Kluuvi,""aiti ja lapsia"",8"
"091 20 Kluuvi,""Isa ja lapsia"",2"
"091 80 Katajanokka,""Perheet yhteensa"",1464"
"091 80 Katajanokka,""Aviopari ilman lapsia"",532"
"091 80 Katajanokka,""Avopari ilman lapsia"",337"
"091 80 Katajanokka,""Aviopari ja lapsia"",332"
"091 80 Katajanokka,""Avopari ja lapsia"",79"
"091 80 Katajanokka,""aiti ja lapsia"",150"
"091 80 Katajanokka,""Isa ja lapsia"",34"
"091 102 Ullanlinnan peruspiiri,""Perheet yhteensa"",6015"
"091 102 Ullanlinnan peruspiiri,""Aviopari ilman lapsia"",1930"
"091 102 Ullanlinnan peruspiiri,""Avopari ilman lapsia"",1612"
"091 102 Ullanlinnan peruspiiri,""Aviopari ja lapsia"",1360"
"091 102 Ullanlinnan peruspiiri,""Avopari ja lapsia"",390"
"091 102 Ullanlinnan peruspiiri,""aiti ja lapsia"",593"
"091 102 Ullanlinnan peruspiiri,""Isa ja lapsia"",130"
"091 30 Kaartinkaupunki,""Perheet yhteensa"",283"
"091 30 Kaartinkaupunki,""Aviopari ilman lapsia"",113"
"091 30 Kaartinkaupunki,""Avopari ilman lapsia"",64"
"091 30 Kaartinkaupunki,""Aviopari ja lapsia"",67"
"091 30 Kaartinkaupunki,""Avopari ja lapsia"",14"
"091 30 Kaartinkaupunki,""aiti ja lapsia"",16"
"091 30 Kaartinkaupunki,""Isa ja lapsia"",9"
"091 50 Punavuori,""Perheet yhteensa"",2112"
"091 50 Punavuori,""Aviopari ilman lapsia"",633"
"091 50 Punavuori,""Avopari ilman lapsia"",687"
"091 50 Punavuori,""Aviopari ja lapsia"",428"
"091 50 Punavuori,""Avopari ja lapsia"",121"
"091 50 Punavuori,""aiti ja lapsia"",197"
"091 50 Punavuori,""Isa ja lapsia"",46"
"091 60 Eira,""Perheet yhteensa"",283"
"091 60 Eira,""Aviopari ilman lapsia"",98"
"091 60 Eira,""Avopari ilman lapsia"",49"
"091 60 Eira,""Aviopari ja lapsia"",78"
"091 60 Eira,""Avopari ja lapsia"",17"
"091 60 Eira,""aiti ja lapsia"",30"
"091 60 Eira,""Isa ja lapsia"",11"
"091 70 Ullanlinna,""Perheet yhteensa"",2739"
"091 70 Ullanlinna,""Aviopari ilman lapsia"",866"
"091 70 Ullanlinna,""Avopari ilman lapsia"",700"
"091 70 Ullanlinna,""Aviopari ja lapsia"",652"
"091 70 Ullanlinna,""Avopari ja lapsia"",184"
"091 70 Ullanlinna,""aiti ja lapsia"",284"
"091 70 Ullanlinna,""Isa ja lapsia"",53"
"091 90 Kaivopuisto,""Perheet yhteensa"",135"
"091 90 Kaivopuisto,""Aviopari ilman lapsia"",68"
"091 90 Kaivopuisto,""Avopari ilman lapsia"",15"
"091 90 Kaivopuisto,""Aviopari ja lapsia"",33"
"091 90 Kaivopuisto,""Avopari ja lapsia"",6"
"091 90 Kaivopuisto,""aiti ja lapsia"",11"
"091 90 Kaivopuisto,""Isa ja lapsia"",2"
"091 204 Hernesaari,""Perheet yhteensa"",278"
"091 204 Hernesaari,""Aviopari ilman lapsia"",112"
"091 204 Hernesaari,""Avopari ilman lapsia"",70"
"091 204 Hernesaari,""Aviopari ja lapsia"",44"
"091 204 Hernesaari,""Avopari ja lapsia"",20"
"091 204 Hernesaari,""aiti ja lapsia"",28"
"091 204 Hernesaari,""Isa ja lapsia"",4"
"091 520 Suomenlinna,""Perheet yhteensa"",185"
"091 520 Suomenlinna,""Aviopari ilman lapsia"",40"
"091 520 Suomenlinna,""Avopari ilman lapsia"",27"
"091 520 Suomenlinna,""Aviopari ja lapsia"",58"
"091 520 Suomenlinna,""Avopari ja lapsia"",28"
"091 520 Suomenlinna,""aiti ja lapsia"",27"
"091 520 Suomenlinna,""Isa ja lapsia"",5"
"091 531 Lansisaaret,""Perheet yhteensa"",.."
"091 531 Lansisaaret,""Aviopari ilman lapsia"",.."
"091 531 Lansisaaret,""Avopari ilman lapsia"",.."
"091 531 Lansisaaret,""Aviopari ja lapsia"",.."
"091 531 Lansisaaret,""Avopari ja lapsia"",.."
"091 531 Lansisaaret,""aiti ja lapsia"",.."
"091 531 Lansisaaret,""Isa ja lapsia"",.."
"091 103 Kampinmalmin peruspiiri,""Perheet yhteensa"",11275"
"091 103 Kampinmalmin peruspiiri,""Aviopari ilman lapsia"",3303"
"091 103 Kampinmalmin peruspiiri,""Avopari ilman lapsia"",3304"
"091 103 Kampinmalmin peruspiiri,""Aviopari ja lapsia"",2490"
"091 103 Kampinmalmin peruspiiri,""Avopari ja lapsia"",768"
"091 103 Kampinmalmin peruspiiri,""aiti ja lapsia"",1210"
"091 103 Kampinmalmin peruspiiri,""Isa ja lapsia"",200"
"091 40 Kamppi,""Perheet yhteensa"",2851"
"091 40 Kamppi,""Aviopari ilman lapsia"",910"
"091 40 Kamppi,""Avopari ilman lapsia"",967"
"091 40 Kamppi,""Aviopari ja lapsia"",503"
"091 40 Kamppi,""Avopari ja lapsia"",167"
"091 40 Kamppi,""aiti ja lapsia"",255"
"091 40 Kamppi,""Isa ja lapsia"",49"
"091 130 Etu-Toolo,""Perheet yhteensa"",3761"
"091 130 Etu-Toolo,""Aviopari ilman lapsia"",1321"
"091 130 Etu-Toolo,""Avopari ilman lapsia"",1070"
"091 130 Etu-Toolo,""Aviopari ja lapsia"",805"
"091 130 Etu-Toolo,""Avopari ja lapsia"",215"
"091 130 Etu-Toolo,""aiti ja lapsia"",290"
"091 130 Etu-Toolo,""Isa ja lapsia"",60"
"091 201 Ruoholahti,""Perheet yhteensa"",782"
"091 201 Ruoholahti,""Aviopari ilman lapsia"",198"
"091 201 Ruoholahti,""Avopari ilman lapsia"",181"
"091 201 Ruoholahti,""Aviopari ja lapsia"",195"
"091 201 Ruoholahti,""Avopari ja lapsia"",47"
"091 201 Ruoholahti,""aiti ja lapsia"",142"
"091 201 Ruoholahti,""Isa ja lapsia"",19"
"091 202 Lapinlahti,""Perheet yhteensa"",.."
"091 202 Lapinlahti,""Aviopari ilman lapsia"",.."
"091 202 Lapinlahti,""Avopari ilman lapsia"",.."
"091 202 Lapinlahti,""Aviopari ja lapsia"",.."
"091 202 Lapinlahti,""Avopari ja lapsia"",.."
"091 202 Lapinlahti,""aiti ja lapsia"",.."
"091 202 Lapinlahti,""Isa ja lapsia"",.."
"091 203 Jatkasaari,""Perheet yhteensa"",3879"
"091 203 Jatkasaari,""Aviopari ilman lapsia"",873"
"091 203 Jatkasaari,""Avopari ilman lapsia"",1085"
"091 203 Jatkasaari,""Aviopari ja lapsia"",987"
"091 203 Jatkasaari,""Avopari ja lapsia"",339"
"091 203 Jatkasaari,""aiti ja lapsia"",523"
"091 203 Jatkasaari,""Isa ja lapsia"",72"
"091 104 Taka-Toolon peruspiiri,""Perheet yhteensa"",3615"
"091 104 Taka-Toolon peruspiiri,""Aviopari ilman lapsia"",1173"
"091 104 Taka-Toolon peruspiiri,""Avopari ilman lapsia"",1065"
"091 104 Taka-Toolon peruspiiri,""Aviopari ja lapsia"",722"
"091 104 Taka-Toolon peruspiiri,""Avopari ja lapsia"",277"
"091 104 Taka-Toolon peruspiiri,""aiti ja lapsia"",304"
"091 104 Taka-Toolon peruspiiri,""Isa ja lapsia"",74"
"091 140 Taka-Toolo,""Perheet yhteensa"",3615"
"091 140 Taka-Toolo,""Aviopari ilman lapsia"",1173"
"091 140 Taka-Toolo,""Avopari ilman lapsia"",1065"
"091 140 Taka-Toolo,""Aviopari ja lapsia"",722"
"091 140 Taka-Toolo,""Avopari ja lapsia"",277"
"091 140 Taka-Toolo,""aiti ja lapsia"",304"
"091 140 Taka-Toolo,""Isa ja lapsia"",74"
"091 105 Lauttasaaren peruspiiri,""Perheet yhteensa"",6569"
"091 105 Lauttasaaren peruspiiri,""Aviopari ilman lapsia"",1910"
"091 105 Lauttasaaren peruspiiri,""Avopari ilman lapsia"",1581"
"091 105 Lauttasaaren peruspiiri,""Aviopari ja lapsia"",1751"
"091 105 Lauttasaaren peruspiiri,""Avopari ja lapsia"",614"
"091 105 Lauttasaaren peruspiiri,""aiti ja lapsia"",584"
"091 105 Lauttasaaren peruspiiri,""Isa ja lapsia"",129"
"091 310 Lauttasaari (Ent.),""Perheet yhteensa"",."
"091 310 Lauttasaari (Ent.),""Aviopari ilman lapsia"",."
"091 310 Lauttasaari (Ent.),""Avopari ilman lapsia"",."
"091 310 Lauttasaari (Ent.),""Aviopari ja lapsia"",."
"091 310 Lauttasaari (Ent.),""Avopari ja lapsia"",."
"091 310 Lauttasaari (Ent.),""aiti ja lapsia"",."
"091 310 Lauttasaari (Ent.),""Isa ja lapsia"",."
"091 311 Kotkavuori,""Perheet yhteensa"",2077"
"091 311 Kotkavuori,""Aviopari ilman lapsia"",533"
"091 311 Kotkavuori,""Avopari ilman lapsia"",595"
"091 311 Kotkavuori,""Aviopari ja lapsia"",508"
"091 311 Kotkavuori,""Avopari ja lapsia"",209"
"091 311 Kotkavuori,""aiti ja lapsia"",186"
"091 311 Kotkavuori,""Isa ja lapsia"",46"
"091 312 Vattuniemi,""Perheet yhteensa"",2499"
"091 312 Vattuniemi,""Aviopari ilman lapsia"",836"
"091 312 Vattuniemi,""Avopari ilman lapsia"",533"
"091 312 Vattuniemi,""Aviopari ja lapsia"",672"
"091 312 Vattuniemi,""Avopari ja lapsia"",215"
"091 312 Vattuniemi,""aiti ja lapsia"",208"
"091 312 Vattuniemi,""Isa ja lapsia"",35"
"091 313 Myllykallio,""Perheet yhteensa"",1993"
"091 313 Myllykallio,""Aviopari ilman lapsia"",541"
"091 313 Myllykallio,""Avopari ilman lapsia"",453"
"091 313 Myllykallio,""Aviopari ja lapsia"",571"
"091 313 Myllykallio,""Avopari ja lapsia"",190"
"091 313 Myllykallio,""aiti ja lapsia"",190"
"091 313 Myllykallio,""Isa ja lapsia"",48"
"091 314 Koivusaari,""Perheet yhteensa"",.."
"091 314 Koivusaari,""Aviopari ilman lapsia"",.."
"091 314 Koivusaari,""Avopari ilman lapsia"",.."
"091 314 Koivusaari,""Aviopari ja lapsia"",.."
"091 314 Koivusaari,""Avopari ja lapsia"",.."
"091 314 Koivusaari,""aiti ja lapsia"",.."
"091 314 Koivusaari,""Isa ja lapsia"",.."
"091 201 Reijolan peruspiiri,""Perheet yhteensa"",3807"
"091 201 Reijolan peruspiiri,""Aviopari ilman lapsia"",1038"
"091 201 Reijolan peruspiiri,""Avopari ilman lapsia"",972"
"091 201 Reijolan peruspiiri,""Aviopari ja lapsia"",882"
"091 201 Reijolan peruspiiri,""Avopari ja lapsia"",313"
"091 201 Reijolan peruspiiri,""aiti ja lapsia"",519"
"091 201 Reijolan peruspiiri,""Isa ja lapsia"",83"
"091 150 Meilahti,""Perheet yhteensa"",1104"
"091 150 Meilahti,""Aviopari ilman lapsia"",295"
"091 150 Meilahti,""Avopari ilman lapsia"",339"
"091 150 Meilahti,""Aviopari ja lapsia"",253"
"091 150 Meilahti,""Avopari ja lapsia"",90"
"091 150 Meilahti,""aiti ja lapsia"",105"
"091 150 Meilahti,""Isa ja lapsia"",22"
"091 160 Ruskeasuo (Ent.),""Perheet yhteensa"",."
"091 160 Ruskeasuo (Ent.),""Aviopari ilman lapsia"",."
"091 160 Ruskeasuo (Ent.),""Avopari ilman lapsia"",."
"091 160 Ruskeasuo (Ent.),""Aviopari ja lapsia"",."
"091 160 Ruskeasuo (Ent.),""Avopari ja lapsia"",."
"091 160 Ruskeasuo (Ent.),""aiti ja lapsia"",."
"091 160 Ruskeasuo (Ent.),""Isa ja lapsia"",."
"091 161 Vanha Ruskeasuo,""Perheet yhteensa"",606"
"091 161 Vanha Ruskeasuo,""Aviopari ilman lapsia"",160"
"091 161 Vanha Ruskeasuo,""Avopari ilman lapsia"",186"
"091 161 Vanha Ruskeasuo,""Aviopari ja lapsia"",145"
"091 161 Vanha Ruskeasuo,""Avopari ja lapsia"",46"
"091 161 Vanha Ruskeasuo,""aiti ja lapsia"",60"
"091 161 Vanha Ruskeasuo,""Isa ja lapsia"",9"
"091 162 Pikku Huopalahti,""Perheet yhteensa"",1660"
"091 162 Pikku Huopalahti,""Aviopari ilman lapsia"",444"
"091 162 Pikku Huopalahti,""Avopari ilman lapsia"",314"
"091 162 Pikku Huopalahti,""Aviopari ja lapsia"",393"
"091 162 Pikku Huopalahti,""Avopari ja lapsia"",149"
"091 162 Pikku Huopalahti,""aiti ja lapsia"",321"
"091 162 Pikku Huopalahti,""Isa ja lapsia"",39"
"091 180 Laakso,""Perheet yhteensa"",437"
"091 180 Laakso,""Aviopari ilman lapsia"",139"
"091 180 Laakso,""Avopari ilman lapsia"",133"
"091 180 Laakso,""Aviopari ja lapsia"",91"
"091 180 Laakso,""Avopari ja lapsia"",28"
"091 180 Laakso,""aiti ja lapsia"",33"
"091 180 Laakso,""Isa ja lapsia"",13"
"091 202 Munkkiniemen peruspiiri,""Perheet yhteensa"",4764"
"091 202 Munkkiniemen peruspiiri,""Aviopari ilman lapsia"",1485"
"091 202 Munkkiniemen peruspiiri,""Avopari ilman lapsia"",844"
"091 202 Munkkiniemen peruspiiri,""Aviopari ja lapsia"",1329"
"091 202 Munkkiniemen peruspiiri,""Avopari ja lapsia"",389"
"091 202 Munkkiniemen peruspiiri,""aiti ja lapsia"",625"
"091 202 Munkkiniemen peruspiiri,""Isa ja lapsia"",92"
"091 301 Vanha Munkkiniemi,""Perheet yhteensa"",2408"
"091 301 Vanha Munkkiniemi,""Aviopari ilman lapsia"",820"
"091 301 Vanha Munkkiniemi,""Avopari ilman lapsia"",419"
"091 301 Vanha Munkkiniemi,""Aviopari ja lapsia"",659"
"091 301 Vanha Munkkiniemi,""Avopari ja lapsia"",181"
"091 301 Vanha Munkkiniemi,""aiti ja lapsia"",286"
"091 301 Vanha Munkkiniemi,""Isa ja lapsia"",43"
"091 302 Kuusisaari,""Perheet yhteensa"",181"
"091 302 Kuusisaari,""Aviopari ilman lapsia"",57"
"091 302 Kuusisaari,""Avopari ilman lapsia"",11"
"091 302 Kuusisaari,""Aviopari ja lapsia"",85"
"091 302 Kuusisaari,""Avopari ja lapsia"",12"
"091 302 Kuusisaari,""aiti ja lapsia"",10"
"091 302 Kuusisaari,""Isa ja lapsia"",6"
"091 303 Lehtisaari,""Perheet yhteensa"",356"
"091 303 Lehtisaari,""Aviopari ilman lapsia"",124"
"091 303 Lehtisaari,""Avopari ilman lapsia"",52"
"091 303 Lehtisaari,""Aviopari ja lapsia"",110"
"091 303 Lehtisaari,""Avopari ja lapsia"",28"
"091 303 Lehtisaari,""aiti ja lapsia"",34"
"091 303 Lehtisaari,""Isa ja lapsia"",8"
"091 304 Munkkivuori,""Perheet yhteensa"",1150"
"091 304 Munkkivuori,""Aviopari ilman lapsia"",307"
"091 304 Munkkivuori,""Avopari ilman lapsia"",227"
"091 304 Munkkivuori,""Aviopari ja lapsia"",308"
"091 304 Munkkivuori,""Avopari ja lapsia"",98"
"091 304 Munkkivuori,""aiti ja lapsia"",189"
"091 304 Munkkivuori,""Isa ja lapsia"",21"
"091 305 Niemenmaki,""Perheet yhteensa"",406"
"091 305 Niemenmaki,""Aviopari ilman lapsia"",102"
"091 305 Niemenmaki,""Avopari ilman lapsia"",93"
"091 305 Niemenmaki,""Aviopari ja lapsia"",104"
"091 305 Niemenmaki,""Avopari ja lapsia"",47"
"091 305 Niemenmaki,""aiti ja lapsia"",53"
"091 305 Niemenmaki,""Isa ja lapsia"",7"
"091 306 Talinranta,""Perheet yhteensa"",263"
"091 306 Talinranta,""Aviopari ilman lapsia"",75"
"091 306 Talinranta,""Avopari ilman lapsia"",42"
"091 306 Talinranta,""Aviopari ja lapsia"",63"
"091 306 Talinranta,""Avopari ja lapsia"",23"
"091 306 Talinranta,""aiti ja lapsia"",53"
"091 306 Talinranta,""Isa ja lapsia"",7"
"091 203 Haagan peruspiiri,""Perheet yhteensa"",5841"
"091 203 Haagan peruspiiri,""Aviopari ilman lapsia"",1595"
"091 203 Haagan peruspiiri,""Avopari ilman lapsia"",1512"
"091 203 Haagan peruspiiri,""Aviopari ja lapsia"",1381"
"091 203 Haagan peruspiiri,""Avopari ja lapsia"",514"
"091 203 Haagan peruspiiri,""aiti ja lapsia"",739"
"091 203 Haagan peruspiiri,""Isa ja lapsia"",100"
"091 291 Etela-Haaga,""Perheet yhteensa"",2588"
"091 291 Etela-Haaga,""Aviopari ilman lapsia"",639"
"091 291 Etela-Haaga,""Avopari ilman lapsia"",741"
"091 291 Etela-Haaga,""Aviopari ja lapsia"",657"
"091 291 Etela-Haaga,""Avopari ja lapsia"",244"
"091 291 Etela-Haaga,""aiti ja lapsia"",266"
"091 291 Etela-Haaga,""Isa ja lapsia"",41"
"091 292 Kivihaka,""Perheet yhteensa"",174"
"091 292 Kivihaka,""Aviopari ilman lapsia"",62"
"091 292 Kivihaka,""Avopari ilman lapsia"",44"
"091 292 Kivihaka,""Aviopari ja lapsia"",32"
"091 292 Kivihaka,""Avopari ja lapsia"",19"
"091 292 Kivihaka,""aiti ja lapsia"",15"
"091 292 Kivihaka,""Isa ja lapsia"",2"
"091 293 Pohjois-Haaga,""Perheet yhteensa"",2027"
"091 293 Pohjois-Haaga,""Aviopari ilman lapsia"",576"
"091 293 Pohjois-Haaga,""Avopari ilman lapsia"",493"
"091 293 Pohjois-Haaga,""Aviopari ja lapsia"",453"
"091 293 Pohjois-Haaga,""Avopari ja lapsia"",158"
"091 293 Pohjois-Haaga,""aiti ja lapsia"",311"
"091 293 Pohjois-Haaga,""Isa ja lapsia"",36"
"091 294 Lassila,""Perheet yhteensa"",1052"
"091 294 Lassila,""Aviopari ilman lapsia"",318"
"091 294 Lassila,""Avopari ilman lapsia"",234"
"091 294 Lassila,""Aviopari ja lapsia"",239"
"091 294 Lassila,""Avopari ja lapsia"",93"
"091 294 Lassila,""aiti ja lapsia"",147"
"091 294 Lassila,""Isa ja lapsia"",21"
"091 204 Pitajanmaen peruspiiri,""Perheet yhteensa"",4544"
"091 204 Pitajanmaen peruspiiri,""Aviopari ilman lapsia"",1383"
"091 204 Pitajanmaen peruspiiri,""Avopari ilman lapsia"",969"
"091 204 Pitajanmaen peruspiiri,""Aviopari ja lapsia"",1150"
"091 204 Pitajanmaen peruspiiri,""Avopari ja lapsia"",333"
"091 204 Pitajanmaen peruspiiri,""aiti ja lapsia"",619"
"091 204 Pitajanmaen peruspiiri,""Isa ja lapsia"",90"
"091 320 Konala,""Perheet yhteensa"",1619"
"091 320 Konala,""Aviopari ilman lapsia"",517"
"091 320 Konala,""Avopari ilman lapsia"",284"
"091 320 Konala,""Aviopari ja lapsia"",439"
"091 320 Konala,""Avopari ja lapsia"",136"
"091 320 Konala,""aiti ja lapsia"",208"
"091 320 Konala,""Isa ja lapsia"",35"
"091 461 Pajamaki,""Perheet yhteensa"",423"
"091 461 Pajamaki,""Aviopari ilman lapsia"",132"
"091 461 Pajamaki,""Avopari ilman lapsia"",102"
"091 461 Pajamaki,""Aviopari ja lapsia"",90"
"091 461 Pajamaki,""Avopari ja lapsia"",33"
"091 461 Pajamaki,""aiti ja lapsia"",58"
"091 461 Pajamaki,""Isa ja lapsia"",8"
"091 462 Tali,""Perheet yhteensa"",257"
"091 462 Tali,""Aviopari ilman lapsia"",52"
"091 462 Tali,""Avopari ilman lapsia"",61"
"091 462 Tali,""Aviopari ja lapsia"",67"
"091 462 Tali,""Avopari ja lapsia"",16"
"091 462 Tali,""aiti ja lapsia"",58"
"091 462 Tali,""Isa ja lapsia"",3"
"091 463 Reimarla,""Perheet yhteensa"",1191"
"091 463 Reimarla,""Aviopari ilman lapsia"",325"
"091 463 Reimarla,""Avopari ilman lapsia"",287"
"091 463 Reimarla,""Aviopari ja lapsia"",322"
"091 463 Reimarla,""Avopari ja lapsia"",72"
"091 463 Reimarla,""aiti ja lapsia"",161"
"091 463 Reimarla,""Isa ja lapsia"",24"
"091 464 Marttila,""Perheet yhteensa"",.."
"091 464 Marttila,""Aviopari ilman lapsia"",.."
"091 464 Marttila,""Avopari ilman lapsia"",.."
"091 464 Marttila,""Aviopari ja lapsia"",.."
"091 464 Marttila,""Avopari ja lapsia"",.."
"091 464 Marttila,""aiti ja lapsia"",.."
"091 464 Marttila,""Isa ja lapsia"",.."
"091 465 Pitajanmaen yritysalue,""Perheet yhteensa"",962"
"091 465 Pitajanmaen yritysalue,""Aviopari ilman lapsia"",318"
"091 465 Pitajanmaen yritysalue,""Avopari ilman lapsia"",222"
"091 465 Pitajanmaen yritysalue,""Aviopari ja lapsia"",208"
"091 465 Pitajanmaen yritysalue,""Avopari ja lapsia"",68"
"091 465 Pitajanmaen yritysalue,""aiti ja lapsia"",128"
"091 465 Pitajanmaen yritysalue,""Isa ja lapsia"",18"
"091 205 Kaarelan peruspiiri,""Perheet yhteensa"",7878"
"091 205 Kaarelan peruspiiri,""Aviopari ilman lapsia"",2281"
"091 205 Kaarelan peruspiiri,""Avopari ilman lapsia"",1449"
"091 205 Kaarelan peruspiiri,""Aviopari ja lapsia"",2182"
"091 205 Kaarelan peruspiiri,""Avopari ja lapsia"",583"
"091 205 Kaarelan peruspiiri,""aiti ja lapsia"",1210"
"091 205 Kaarelan peruspiiri,""Isa ja lapsia"",173"
"091 331 Kannelmaki,""Perheet yhteensa"",2934"
"091 331 Kannelmaki,""Aviopari ilman lapsia"",861"
"091 331 Kannelmaki,""Avopari ilman lapsia"",615"
"091 331 Kannelmaki,""Aviopari ja lapsia"",720"
"091 331 Kannelmaki,""Avopari ja lapsia"",173"
"091 331 Kannelmaki,""aiti ja lapsia"",506"
"091 331 Kannelmaki,""Isa ja lapsia"",59"
"091 332 Maununneva,""Perheet yhteensa"",803"
"091 332 Maununneva,""Aviopari ilman lapsia"",262"
"091 332 Maununneva,""Avopari ilman lapsia"",89"
"091 332 Maununneva,""Aviopari ja lapsia"",320"
"091 332 Maununneva,""Avopari ja lapsia"",63"
"091 332 Maununneva,""aiti ja lapsia"",49"
"091 332 Maununneva,""Isa ja lapsia"",20"
"091 333 Malminkartano,""Perheet yhteensa"",2236"
"091 333 Malminkartano,""Aviopari ilman lapsia"",590"
"091 333 Malminkartano,""Avopari ilman lapsia"",428"
"091 333 Malminkartano,""Aviopari ja lapsia"",566"
"091 333 Malminkartano,""Avopari ja lapsia"",156"
"091 333 Malminkartano,""aiti ja lapsia"",428"
"091 333 Malminkartano,""Isa ja lapsia"",68"
"091 334 Hakuninmaa,""Perheet yhteensa"",811"
"091 334 Hakuninmaa,""Aviopari ilman lapsia"",307"
"091 334 Hakuninmaa,""Avopari ilman lapsia"",106"
"091 334 Hakuninmaa,""Aviopari ja lapsia"",264"
"091 334 Hakuninmaa,""Avopari ja lapsia"",64"
"091 334 Hakuninmaa,""aiti ja lapsia"",60"
"091 334 Hakuninmaa,""Isa ja lapsia"",10"
"091 335 Kuninkaantammi,""Perheet yhteensa"",884"
"091 335 Kuninkaantammi,""Aviopari ilman lapsia"",226"
"091 335 Kuninkaantammi,""Avopari ilman lapsia"",171"
"091 335 Kuninkaantammi,""Aviopari ja lapsia"",226"
"091 335 Kuninkaantammi,""Avopari ja lapsia"",101"
"091 335 Kuninkaantammi,""aiti ja lapsia"",146"
"091 335 Kuninkaantammi,""Isa ja lapsia"",14"
"091 336 Honkasuo,""Perheet yhteensa"",210"
"091 336 Honkasuo,""Aviopari ilman lapsia"",35"
"091 336 Honkasuo,""Avopari ilman lapsia"",40"
"091 336 Honkasuo,""Aviopari ja lapsia"",86"
"091 336 Honkasuo,""Avopari ja lapsia"",26"
"091 336 Honkasuo,""aiti ja lapsia"",21"
"091 336 Honkasuo,""Isa ja lapsia"",2"
"091 301 Kallion peruspiiri,""Perheet yhteensa"",7103"
"091 301 Kallion peruspiiri,""Aviopari ilman lapsia"",1946"
"091 301 Kallion peruspiiri,""Avopari ilman lapsia"",2880"
"091 301 Kallion peruspiiri,""Aviopari ja lapsia"",1078"
"091 301 Kallion peruspiiri,""Avopari ja lapsia"",529"
"091 301 Kallion peruspiiri,""aiti ja lapsia"",564"
"091 301 Kallion peruspiiri,""Isa ja lapsia"",106"
"091 100 Sornainen (Ent.),""Perheet yhteensa"",."
"091 100 Sornainen (Ent.),""Aviopari ilman lapsia"",."
"091 100 Sornainen (Ent.),""Avopari ilman lapsia"",."
"091 100 Sornainen (Ent.),""Aviopari ja lapsia"",."
"091 100 Sornainen (Ent.),""Avopari ja lapsia"",."
"091 100 Sornainen (Ent.),""aiti ja lapsia"",."
"091 100 Sornainen (Ent.),""Isa ja lapsia"",."
"091 101 Vilhonvuori,""Perheet yhteensa"",1438"
"091 101 Vilhonvuori,""Aviopari ilman lapsia"",461"
"091 101 Vilhonvuori,""Avopari ilman lapsia"",594"
"091 101 Vilhonvuori,""Aviopari ja lapsia"",186"
"091 101 Vilhonvuori,""Avopari ja lapsia"",80"
"091 101 Vilhonvuori,""aiti ja lapsia"",97"
"091 101 Vilhonvuori,""Isa ja lapsia"",20"
"091 102 Kalasatama,""Perheet yhteensa"",1845"
"091 102 Kalasatama,""Aviopari ilman lapsia"",537"
"091 102 Kalasatama,""Avopari ilman lapsia"",621"
"091 102 Kalasatama,""Aviopari ja lapsia"",358"
"091 102 Kalasatama,""Avopari ja lapsia"",161"
"091 102 Kalasatama,""aiti ja lapsia"",142"
"091 102 Kalasatama,""Isa ja lapsia"",26"
"091 103 Sompasaari,""Perheet yhteensa"",702"
"091 103 Sompasaari,""Aviopari ilman lapsia"",136"
"091 103 Sompasaari,""Avopari ilman lapsia"",206"
"091 103 Sompasaari,""Aviopari ja lapsia"",188"
"091 103 Sompasaari,""Avopari ja lapsia"",74"
"091 103 Sompasaari,""aiti ja lapsia"",87"
"091 103 Sompasaari,""Isa ja lapsia"",11"
"091 104 Hanasaari,""Perheet yhteensa"",.."
"091 104 Hanasaari,""Aviopari ilman lapsia"",.."
"091 104 Hanasaari,""Avopari ilman lapsia"",.."
"091 104 Hanasaari,""Aviopari ja lapsia"",.."
"091 104 Hanasaari,""Avopari ja lapsia"",.."
"091 104 Hanasaari,""aiti ja lapsia"",.."
"091 104 Hanasaari,""Isa ja lapsia"",.."
"091 111 Siltasaari,""Perheet yhteensa"",550"
"091 111 Siltasaari,""Aviopari ilman lapsia"",167"
"091 111 Siltasaari,""Avopari ilman lapsia"",230"
"091 111 Siltasaari,""Aviopari ja lapsia"",67"
"091 111 Siltasaari,""Avopari ja lapsia"",44"
"091 111 Siltasaari,""aiti ja lapsia"",36"
"091 111 Siltasaari,""Isa ja lapsia"",6"
"091 112 Linjat,""Perheet yhteensa"",1559"
"091 112 Linjat,""Aviopari ilman lapsia"",419"
"091 112 Linjat,""Avopari ilman lapsia"",663"
"091 112 Linjat,""Aviopari ja lapsia"",201"
"091 112 Linjat,""Avopari ja lapsia"",110"
"091 112 Linjat,""aiti ja lapsia"",138"
"091 112 Linjat,""Isa ja lapsia"",28"
"091 113 Torkkelinmaki,""Perheet yhteensa"",1009"
"091 113 Torkkelinmaki,""Aviopari ilman lapsia"",226"
"091 113 Torkkelinmaki,""Avopari ilman lapsia"",566"
"091 113 Torkkelinmaki,""Aviopari ja lapsia"",78"
"091 113 Torkkelinmaki,""Avopari ja lapsia"",60"
"091 113 Torkkelinmaki,""aiti ja lapsia"",64"
"091 113 Torkkelinmaki,""Isa ja lapsia"",15"
"091 302 Alppiharjun peruspiiri,""Perheet yhteensa"",1873"
"091 302 Alppiharjun peruspiiri,""Aviopari ilman lapsia"",469"
"091 302 Alppiharjun peruspiiri,""Avopari ilman lapsia"",909"
"091 302 Alppiharjun peruspiiri,""Aviopari ja lapsia"",196"
"091 302 Alppiharjun peruspiiri,""Avopari ja lapsia"",125"
"091 302 Alppiharjun peruspiiri,""aiti ja lapsia"",146"
"091 302 Alppiharjun peruspiiri,""Isa ja lapsia"",28"
"091 121 Harju,""Perheet yhteensa"",1096"
"091 121 Harju,""Aviopari ilman lapsia"",275"
"091 121 Harju,""Avopari ilman lapsia"",549"
"091 121 Harju,""Aviopari ja lapsia"",109"
"091 121 Harju,""Avopari ja lapsia"",66"
"091 121 Harju,""aiti ja lapsia"",80"
"091 121 Harju,""Isa ja lapsia"",17"
"091 122 Alppila,""Perheet yhteensa"",777"
"091 122 Alppila,""Aviopari ilman lapsia"",194"
"091 122 Alppila,""Avopari ilman lapsia"",360"
"091 122 Alppila,""Aviopari ja lapsia"",87"
"091 122 Alppila,""Avopari ja lapsia"",59"
"091 122 Alppila,""aiti ja lapsia"",66"
"091 122 Alppila,""Isa ja lapsia"",11"
"091 303 Vallilan peruspiiri,""Perheet yhteensa"",3824"
"091 303 Vallilan peruspiiri,""Aviopari ilman lapsia"",870"
"091 303 Vallilan peruspiiri,""Avopari ilman lapsia"",1452"
"091 303 Vallilan peruspiiri,""Aviopari ja lapsia"",659"
"091 303 Vallilan peruspiiri,""Avopari ja lapsia"",355"
"091 303 Vallilan peruspiiri,""aiti ja lapsia"",411"
"091 303 Vallilan peruspiiri,""Isa ja lapsia"",77"
"091 210 Hermanni (Ent.),""Perheet yhteensa"",."
"091 210 Hermanni (Ent.),""Aviopari ilman lapsia"",."
"091 210 Hermanni (Ent.),""Avopari ilman lapsia"",."
"091 210 Hermanni (Ent.),""Aviopari ja lapsia"",."
"091 210 Hermanni (Ent.),""Avopari ja lapsia"",."
"091 210 Hermanni (Ent.),""aiti ja lapsia"",."
"091 210 Hermanni (Ent.),""Isa ja lapsia"",."
"091 211 Hermanninmaki,""Perheet yhteensa"",1397"
"091 211 Hermanninmaki,""Aviopari ilman lapsia"",341"
"091 211 Hermanninmaki,""Avopari ilman lapsia"",467"
"091 211 Hermanninmaki,""Aviopari ja lapsia"",258"
"091 211 Hermanninmaki,""Avopari ja lapsia"",126"
"091 211 Hermanninmaki,""aiti ja lapsia"",176"
"091 211 Hermanninmaki,""Isa ja lapsia"",29"
"091 212 Hermanninranta,""Perheet yhteensa"",.."
"091 212 Hermanninranta,""Aviopari ilman lapsia"",.."
"091 212 Hermanninranta,""Avopari ilman lapsia"",.."
"091 212 Hermanninranta,""Aviopari ja lapsia"",.."
"091 212 Hermanninranta,""Avopari ja lapsia"",.."
"091 212 Hermanninranta,""aiti ja lapsia"",.."
"091 212 Hermanninranta,""Isa ja lapsia"",.."
"091 213 Kylasaari,""Perheet yhteensa"",.."
"091 213 Kylasaari,""Aviopari ilman lapsia"",.."
"091 213 Kylasaari,""Avopari ilman lapsia"",.."
"091 213 Kylasaari,""Aviopari ja lapsia"",.."
"091 213 Kylasaari,""Avopari ja lapsia"",.."
"091 213 Kylasaari,""aiti ja lapsia"",.."
"091 213 Kylasaari,""Isa ja lapsia"",.."
"091 220 Vallila,""Perheet yhteensa"",2398"
"091 220 Vallila,""Aviopari ilman lapsia"",527"
"091 220 Vallila,""Avopari ilman lapsia"",958"
"091 220 Vallila,""Aviopari ja lapsia"",401"
"091 220 Vallila,""Avopari ja lapsia"",229"
"091 220 Vallila,""aiti ja lapsia"",235"
"091 220 Vallila,""Isa ja lapsia"",48"
"091 304 Pasilan peruspiiri,""Perheet yhteensa"",3110"
"091 304 Pasilan peruspiiri,""Aviopari ilman lapsia"",853"
"091 304 Pasilan peruspiiri,""Avopari ilman lapsia"",1032"
"091 304 Pasilan peruspiiri,""Aviopari ja lapsia"",561"
"091 304 Pasilan peruspiiri,""Avopari ja lapsia"",259"
"091 304 Pasilan peruspiiri,""aiti ja lapsia"",350"
"091 304 Pasilan peruspiiri,""Isa ja lapsia"",55"
"091 171 Lansi-Pasila,""Perheet yhteensa"",1373"
"091 171 Lansi-Pasila,""Aviopari ilman lapsia"",441"
"091 171 Lansi-Pasila,""Avopari ilman lapsia"",367"
"091 171 Lansi-Pasila,""Aviopari ja lapsia"",267"
"091 171 Lansi-Pasila,""Avopari ja lapsia"",118"
"091 171 Lansi-Pasila,""aiti ja lapsia"",157"
"091 171 Lansi-Pasila,""Isa ja lapsia"",23"
"091 172 Pohjois-Pasila,""Perheet yhteensa"",529"
"091 172 Pohjois-Pasila,""Aviopari ilman lapsia"",111"
"091 172 Pohjois-Pasila,""Avopari ilman lapsia"",188"
"091 172 Pohjois-Pasila,""Aviopari ja lapsia"",99"
"091 172 Pohjois-Pasila,""Avopari ja lapsia"",61"
"091 172 Pohjois-Pasila,""aiti ja lapsia"",62"
"091 172 Pohjois-Pasila,""Isa ja lapsia"",8"
"091 173 Ita-Pasila,""Perheet yhteensa"",786"
"091 173 Ita-Pasila,""Aviopari ilman lapsia"",203"
"091 173 Ita-Pasila,""Avopari ilman lapsia"",266"
"091 173 Ita-Pasila,""Aviopari ja lapsia"",136"
"091 173 Ita-Pasila,""Avopari ja lapsia"",61"
"091 173 Ita-Pasila,""aiti ja lapsia"",98"
"091 173 Ita-Pasila,""Isa ja lapsia"",22"
"091 174 Keski-Pasila,""Perheet yhteensa"",422"
"091 174 Keski-Pasila,""Aviopari ilman lapsia"",98"
"091 174 Keski-Pasila,""Avopari ilman lapsia"",211"
"091 174 Keski-Pasila,""Aviopari ja lapsia"",59"
"091 174 Keski-Pasila,""Avopari ja lapsia"",19"
"091 174 Keski-Pasila,""aiti ja lapsia"",33"
"091 174 Keski-Pasila,""Isa ja lapsia"",2"
"091 305 Vanhankaupungin peruspiiri,""Perheet yhteensa"",6250"
"091 305 Vanhankaupungin peruspiiri,""Aviopari ilman lapsia"",1530"
"091 305 Vanhankaupungin peruspiiri,""Avopari ilman lapsia"",1594"
"091 305 Vanhankaupungin peruspiiri,""Aviopari ja lapsia"",1473"
"091 305 Vanhankaupungin peruspiiri,""Avopari ja lapsia"",677"
"091 305 Vanhankaupungin peruspiiri,""aiti ja lapsia"",849"
"091 305 Vanhankaupungin peruspiiri,""Isa ja lapsia"",127"
"091 231 Toukola,""Perheet yhteensa"",338"
"091 231 Toukola,""Aviopari ilman lapsia"",88"
"091 231 Toukola,""Avopari ilman lapsia"",93"
"091 231 Toukola,""Aviopari ja lapsia"",70"
"091 231 Toukola,""Avopari ja lapsia"",43"
"091 231 Toukola,""aiti ja lapsia"",40"
"091 231 Toukola,""Isa ja lapsia"",4"
"091 232 Arabianranta,""Perheet yhteensa"",1982"
"091 232 Arabianranta,""Aviopari ilman lapsia"",505"
"091 232 Arabianranta,""Avopari ilman lapsia"",514"
"091 232 Arabianranta,""Aviopari ja lapsia"",517"
"091 232 Arabianranta,""Avopari ja lapsia"",198"
"091 232 Arabianranta,""aiti ja lapsia"",218"
"091 232 Arabianranta,""Isa ja lapsia"",30"
"091 240 Kumpula,""Perheet yhteensa"",949"
"091 240 Kumpula,""Aviopari ilman lapsia"",223"
"091 240 Kumpula,""Avopari ilman lapsia"",305"
"091 240 Kumpula,""Aviopari ja lapsia"",184"
"091 240 Kumpula,""Avopari ja lapsia"",91"
"091 240 Kumpula,""aiti ja lapsia"",126"
"091 240 Kumpula,""Isa ja lapsia"",20"
"091 250 Kapyla,""Perheet yhteensa"",1945"
"091 250 Kapyla,""Aviopari ilman lapsia"",486"
"091 250 Kapyla,""Avopari ilman lapsia"",449"
"091 250 Kapyla,""Aviopari ja lapsia"",433"
"091 250 Kapyla,""Avopari ja lapsia"",235"
"091 250 Kapyla,""aiti ja lapsia"",300"
"091 250 Kapyla,""Isa ja lapsia"",42"
"091 260 Koskela,""Perheet yhteensa"",851"
"091 260 Koskela,""Aviopari ilman lapsia"",201"
"091 260 Koskela,""Avopari ilman lapsia"",183"
"091 260 Koskela,""Aviopari ja lapsia"",214"
"091 260 Koskela,""Avopari ja lapsia"",88"
"091 260 Koskela,""aiti ja lapsia"",139"
"091 260 Koskela,""Isa ja lapsia"",26"
"091 270 Vanhakaupunki,""Perheet yhteensa"",185"
"091 270 Vanhakaupunki,""Aviopari ilman lapsia"",27"
"091 270 Vanhakaupunki,""Avopari ilman lapsia"",50"
"091 270 Vanhakaupunki,""Aviopari ja lapsia"",55"
"091 270 Vanhakaupunki,""Avopari ja lapsia"",22"
"091 270 Vanhakaupunki,""aiti ja lapsia"",26"
"091 270 Vanhakaupunki,""Isa ja lapsia"",5"
"091 401 Maunulan peruspiiri,""Perheet yhteensa"",2069"
"091 401 Maunulan peruspiiri,""Aviopari ilman lapsia"",554"
"091 401 Maunulan peruspiiri,""Avopari ilman lapsia"",364"
"091 401 Maunulan peruspiiri,""Aviopari ja lapsia"",563"
"091 401 Maunulan peruspiiri,""Avopari ja lapsia"",207"
"091 401 Maunulan peruspiiri,""aiti ja lapsia"",324"
"091 401 Maunulan peruspiiri,""Isa ja lapsia"",57"
"091 281 Pirkkola,""Perheet yhteensa"",157"
"091 281 Pirkkola,""Aviopari ilman lapsia"",69"
"091 281 Pirkkola,""Avopari ilman lapsia"",19"
"091 281 Pirkkola,""Aviopari ja lapsia"",43"
"091 281 Pirkkola,""Avopari ja lapsia"",13"
"091 281 Pirkkola,""aiti ja lapsia"",12"
"091 281 Pirkkola,""Isa ja lapsia"",1"
"091 282 Maunula,""Perheet yhteensa"",1595"
"091 282 Maunula,""Aviopari ilman lapsia"",401"
"091 282 Maunula,""Avopari ilman lapsia"",303"
"091 282 Maunula,""Aviopari ja lapsia"",403"
"091 282 Maunula,""Avopari ja lapsia"",149"
"091 282 Maunula,""aiti ja lapsia"",286"
"091 282 Maunula,""Isa ja lapsia"",53"
"091 283 Metsala,""Perheet yhteensa"",317"
"091 283 Metsala,""Aviopari ilman lapsia"",84"
"091 283 Metsala,""Avopari ilman lapsia"",42"
"091 283 Metsala,""Aviopari ja lapsia"",117"
"091 283 Metsala,""Avopari ja lapsia"",45"
"091 283 Metsala,""aiti ja lapsia"",26"
"091 283 Metsala,""Isa ja lapsia"",3"
"091 286 Maunulanpuisto,""Perheet yhteensa"",.."
"091 286 Maunulanpuisto,""Aviopari ilman lapsia"",.."
"091 286 Maunulanpuisto,""Avopari ilman lapsia"",.."
"091 286 Maunulanpuisto,""Aviopari ja lapsia"",.."
"091 286 Maunulanpuisto,""Avopari ja lapsia"",.."
"091 286 Maunulanpuisto,""aiti ja lapsia"",.."
"091 286 Maunulanpuisto,""Isa ja lapsia"",.."
"091 402 Lansi-Pakilan peruspiiri,""Perheet yhteensa"",2104"
"091 402 Lansi-Pakilan peruspiiri,""Aviopari ilman lapsia"",732"
"091 402 Lansi-Pakilan peruspiiri,""Avopari ilman lapsia"",180"
"091 402 Lansi-Pakilan peruspiiri,""Aviopari ja lapsia"",772"
"091 402 Lansi-Pakilan peruspiiri,""Avopari ja lapsia"",222"
"091 402 Lansi-Pakilan peruspiiri,""aiti ja lapsia"",152"
"091 402 Lansi-Pakilan peruspiiri,""Isa ja lapsia"",46"
"091 341 Lansi-Pakila,""Perheet yhteensa"",2104"
"091 341 Lansi-Pakila,""Aviopari ilman lapsia"",732"
"091 341 Lansi-Pakila,""Avopari ilman lapsia"",180"
"091 341 Lansi-Pakila,""Aviopari ja lapsia"",772"
"091 341 Lansi-Pakila,""Avopari ja lapsia"",222"
"091 341 Lansi-Pakila,""aiti ja lapsia"",152"
"091 341 Lansi-Pakila,""Isa ja lapsia"",46"
"091 403 Tuomarinkylan peruspiiri,""Perheet yhteensa"",2676"
"091 403 Tuomarinkylan peruspiiri,""Aviopari ilman lapsia"",879"
"091 403 Tuomarinkylan peruspiiri,""Avopari ilman lapsia"",227"
"091 403 Tuomarinkylan peruspiiri,""Aviopari ja lapsia"",997"
"091 403 Tuomarinkylan peruspiiri,""Avopari ja lapsia"",259"
"091 403 Tuomarinkylan peruspiiri,""aiti ja lapsia"",262"
"091 403 Tuomarinkylan peruspiiri,""Isa ja lapsia"",52"
"091 351 Paloheina,""Perheet yhteensa"",1845"
"091 351 Paloheina,""Aviopari ilman lapsia"",644"
"091 351 Paloheina,""Avopari ilman lapsia"",155"
"091 351 Paloheina,""Aviopari ja lapsia"",674"
"091 351 Paloheina,""Avopari ja lapsia"",180"
"091 351 Paloheina,""aiti ja lapsia"",155"
"091 351 Paloheina,""Isa ja lapsia"",37"
"091 352 Torpparinmaki,""Perheet yhteensa"",829"
"091 352 Torpparinmaki,""Aviopari ilman lapsia"",234"
"091 352 Torpparinmaki,""Avopari ilman lapsia"",72"
"091 352 Torpparinmaki,""Aviopari ja lapsia"",323"
"091 352 Torpparinmaki,""Avopari ja lapsia"",79"
"091 352 Torpparinmaki,""aiti ja lapsia"",106"
"091 352 Torpparinmaki,""Isa ja lapsia"",15"
"091 354 Haltiala,""Perheet yhteensa"",.."
"091 354 Haltiala,""Aviopari ilman lapsia"",.."
"091 354 Haltiala,""Avopari ilman lapsia"",.."
"091 354 Haltiala,""Aviopari ja lapsia"",.."
"091 354 Haltiala,""Avopari ja lapsia"",.."
"091 354 Haltiala,""aiti ja lapsia"",.."
"091 354 Haltiala,""Isa ja lapsia"",.."
"091 404 Oulunkylan peruspiiri,""Perheet yhteensa"",3811"
"091 404 Oulunkylan peruspiiri,""Aviopari ilman lapsia"",1087"
"091 404 Oulunkylan peruspiiri,""Avopari ilman lapsia"",708"
"091 404 Oulunkylan peruspiiri,""Aviopari ja lapsia"",1058"
"091 404 Oulunkylan peruspiiri,""Avopari ja lapsia"",354"
"091 404 Oulunkylan peruspiiri,""aiti ja lapsia"",505"
"091 404 Oulunkylan peruspiiri,""Isa ja lapsia"",99"
"091 284 Patola,""Perheet yhteensa"",2655"
"091 284 Patola,""Aviopari ilman lapsia"",790"
"091 284 Patola,""Avopari ilman lapsia"",486"
"091 284 Patola,""Aviopari ja lapsia"",715"
"091 284 Patola,""Avopari ja lapsia"",248"
"091 284 Patola,""aiti ja lapsia"",349"
"091 284 Patola,""Isa ja lapsia"",67"
"091 285 Verajamaki,""Perheet yhteensa"",856"
"091 285 Verajamaki,""Aviopari ilman lapsia"",237"
"091 285 Verajamaki,""Avopari ilman lapsia"",159"
"091 285 Verajamaki,""Aviopari ja lapsia"",271"
"091 285 Verajamaki,""Avopari ja lapsia"",76"
"091 285 Verajamaki,""aiti ja lapsia"",88"
"091 285 Verajamaki,""Isa ja lapsia"",25"
"091 287 Verajalaakso,""Perheet yhteensa"",300"
"091 287 Verajalaakso,""Aviopari ilman lapsia"",60"
"091 287 Verajalaakso,""Avopari ilman lapsia"",63"
"091 287 Verajalaakso,""Aviopari ja lapsia"",72"
"091 287 Verajalaakso,""Avopari ja lapsia"",30"
"091 287 Verajalaakso,""aiti ja lapsia"",68"
"091 287 Verajalaakso,""Isa ja lapsia"",7"
"091 405 Ita-Pakilan peruspiiri,""Perheet yhteensa"",1106"
"091 405 Ita-Pakilan peruspiiri,""Aviopari ilman lapsia"",349"
"091 405 Ita-Pakilan peruspiiri,""Avopari ilman lapsia"",117"
"091 405 Ita-Pakilan peruspiiri,""Aviopari ja lapsia"",406"
"091 405 Ita-Pakilan peruspiiri,""Avopari ja lapsia"",112"
"091 405 Ita-Pakilan peruspiiri,""aiti ja lapsia"",96"
"091 405 Ita-Pakilan peruspiiri,""Isa ja lapsia"",26"
"091 342 Ita-Pakila,""Perheet yhteensa"",1025"
"091 342 Ita-Pakila,""Aviopari ilman lapsia"",335"
"091 342 Ita-Pakila,""Avopari ilman lapsia"",111"
"091 342 Ita-Pakila,""Aviopari ja lapsia"",373"
"091 342 Ita-Pakila,""Avopari ja lapsia"",97"
"091 342 Ita-Pakila,""aiti ja lapsia"",84"
"091 342 Ita-Pakila,""Isa ja lapsia"",25"
"091 353 Tuomarinkartano,""Perheet yhteensa"",.."
"091 353 Tuomarinkartano,""Aviopari ilman lapsia"",.."
"091 353 Tuomarinkartano,""Avopari ilman lapsia"",.."
"091 353 Tuomarinkartano,""Aviopari ja lapsia"",.."
"091 353 Tuomarinkartano,""Avopari ja lapsia"",.."
"091 353 Tuomarinkartano,""aiti ja lapsia"",.."
"091 353 Tuomarinkartano,""Isa ja lapsia"",.."
"091 501 Latokartanon peruspiiri,""Perheet yhteensa"",6120"
"091 501 Latokartanon peruspiiri,""Aviopari ilman lapsia"",1507"
"091 501 Latokartanon peruspiiri,""Avopari ilman lapsia"",1244"
"091 501 Latokartanon peruspiiri,""Aviopari ja lapsia"",1645"
"091 501 Latokartanon peruspiiri,""Avopari ja lapsia"",534"
"091 501 Latokartanon peruspiiri,""aiti ja lapsia"",1049"
"091 501 Latokartanon peruspiiri,""Isa ja lapsia"",141"
"091 361 Viikinranta,""Perheet yhteensa"",397"
"091 361 Viikinranta,""Aviopari ilman lapsia"",130"
"091 361 Viikinranta,""Avopari ilman lapsia"",89"
"091 361 Viikinranta,""Aviopari ja lapsia"",94"
"091 361 Viikinranta,""Avopari ja lapsia"",51"
"091 361 Viikinranta,""aiti ja lapsia"",24"
"091 361 Viikinranta,""Isa ja lapsia"",9"
"091 362 Latokartano,""Perheet yhteensa"",2367"
"091 362 Latokartano,""Aviopari ilman lapsia"",437"
"091 362 Latokartano,""Avopari ilman lapsia"",422"
"091 362 Latokartano,""Aviopari ja lapsia"",789"
"091 362 Latokartano,""Avopari ja lapsia"",233"
"091 362 Latokartano,""aiti ja lapsia"",431"
"091 362 Latokartano,""Isa ja lapsia"",55"
"091 363 Viikin tiedepuisto,""Perheet yhteensa"",220"
"091 363 Viikin tiedepuisto,""Aviopari ilman lapsia"",40"
"091 363 Viikin tiedepuisto,""Avopari ilman lapsia"",116"
"091 363 Viikin tiedepuisto,""Aviopari ja lapsia"",38"
"091 363 Viikin tiedepuisto,""Avopari ja lapsia"",9"
"091 363 Viikin tiedepuisto,""aiti ja lapsia"",14"
"091 363 Viikin tiedepuisto,""Isa ja lapsia"",3"
"091 364 Viikinmaki,""Perheet yhteensa"",821"
"091 364 Viikinmaki,""Aviopari ilman lapsia"",203"
"091 364 Viikinmaki,""Avopari ilman lapsia"",164"
"091 364 Viikinmaki,""Aviopari ja lapsia"",201"
"091 364 Viikinmaki,""Avopari ja lapsia"",86"
"091 364 Viikinmaki,""aiti ja lapsia"",151"
"091 364 Viikinmaki,""Isa ja lapsia"",16"
"091 383 Pihlajamaki,""Perheet yhteensa"",1736"
"091 383 Pihlajamaki,""Aviopari ilman lapsia"",513"
"091 383 Pihlajamaki,""Avopari ilman lapsia"",362"
"091 383 Pihlajamaki,""Aviopari ja lapsia"",376"
"091 383 Pihlajamaki,""Avopari ja lapsia"",123"
"091 383 Pihlajamaki,""aiti ja lapsia"",320"
"091 383 Pihlajamaki,""Isa ja lapsia"",42"
"091 386 Pihlajisto,""Perheet yhteensa"",579"
"091 386 Pihlajisto,""Aviopari ilman lapsia"",184"
"091 386 Pihlajisto,""Avopari ilman lapsia"",91"
"091 386 Pihlajisto,""Aviopari ja lapsia"",147"
"091 386 Pihlajisto,""Avopari ja lapsia"",32"
"091 386 Pihlajisto,""aiti ja lapsia"",109"
"091 386 Pihlajisto,""Isa ja lapsia"",16"
"091 502 Pukinmaen peruspiiri,""Perheet yhteensa"",2091"
"091 502 Pukinmaen peruspiiri,""Aviopari ilman lapsia"",652"
"091 502 Pukinmaen peruspiiri,""Avopari ilman lapsia"",398"
"091 502 Pukinmaen peruspiiri,""Aviopari ja lapsia"",477"
"091 502 Pukinmaen peruspiiri,""Avopari ja lapsia"",159"
"091 502 Pukinmaen peruspiiri,""aiti ja lapsia"",366"
"091 502 Pukinmaen peruspiiri,""Isa ja lapsia"",39"
"091 370 Pukinmaki,""Perheet yhteensa"",2091"
"091 370 Pukinmaki,""Aviopari ilman lapsia"",652"
"091 370 Pukinmaki,""Avopari ilman lapsia"",398"
"091 370 Pukinmaki,""Aviopari ja lapsia"",477"
"091 370 Pukinmaki,""Avopari ja lapsia"",159"
"091 370 Pukinmaki,""aiti ja lapsia"",366"
"091 370 Pukinmaki,""Isa ja lapsia"",39"
"091 503 Malmin peruspiiri,""Perheet yhteensa"",7698"
"091 503 Malmin peruspiiri,""Aviopari ilman lapsia"",2405"
"091 503 Malmin peruspiiri,""Avopari ilman lapsia"",1129"
"091 503 Malmin peruspiiri,""Aviopari ja lapsia"",2179"
"091 503 Malmin peruspiiri,""Avopari ja lapsia"",680"
"091 503 Malmin peruspiiri,""aiti ja lapsia"",1120"
"091 503 Malmin peruspiiri,""Isa ja lapsia"",185"
"091 381 Yla-Malmi,""Perheet yhteensa"",1368"
"091 381 Yla-Malmi,""Aviopari ilman lapsia"",379"
"091 381 Yla-Malmi,""Avopari ilman lapsia"",255"
"091 381 Yla-Malmi,""Aviopari ja lapsia"",318"
"091 381 Yla-Malmi,""Avopari ja lapsia"",88"
"091 381 Yla-Malmi,""aiti ja lapsia"",287"
"091 381 Yla-Malmi,""Isa ja lapsia"",41"
"091 382 Ala-Malmi,""Perheet yhteensa"",1655"
"091 382 Ala-Malmi,""Aviopari ilman lapsia"",451"
"091 382 Ala-Malmi,""Avopari ilman lapsia"",263"
"091 382 Ala-Malmi,""Aviopari ja lapsia"",466"
"091 382 Ala-Malmi,""Avopari ja lapsia"",140"
"091 382 Ala-Malmi,""aiti ja lapsia"",292"
"091 382 Ala-Malmi,""Isa ja lapsia"",43"
"091 384 Tattariharju,""Perheet yhteensa"",.."
"091 384 Tattariharju,""Aviopari ilman lapsia"",.."
"091 384 Tattariharju,""Avopari ilman lapsia"",.."
"091 384 Tattariharju,""Aviopari ja lapsia"",.."
"091 384 Tattariharju,""Avopari ja lapsia"",.."
"091 384 Tattariharju,""aiti ja lapsia"",.."
"091 384 Tattariharju,""Isa ja lapsia"",.."
"091 385 Malmin lentokentta,""Perheet yhteensa"",602"
"091 385 Malmin lentokentta,""Aviopari ilman lapsia"",181"
"091 385 Malmin lentokentta,""Avopari ilman lapsia"",67"
"091 385 Malmin lentokentta,""Aviopari ja lapsia"",187"
"091 385 Malmin lentokentta,""Avopari ja lapsia"",60"
"091 385 Malmin lentokentta,""aiti ja lapsia"",92"
"091 385 Malmin lentokentta,""Isa ja lapsia"",15"
"091 391 Tapaninvainio,""Perheet yhteensa"",2420"
"091 391 Tapaninvainio,""Aviopari ilman lapsia"",903"
"091 391 Tapaninvainio,""Avopari ilman lapsia"",293"
"091 391 Tapaninvainio,""Aviopari ja lapsia"",721"
"091 391 Tapaninvainio,""Avopari ja lapsia"",247"
"091 391 Tapaninvainio,""aiti ja lapsia"",202"
"091 391 Tapaninvainio,""Isa ja lapsia"",54"
"091 392 Tapanila,""Perheet yhteensa"",1652"
"091 392 Tapanila,""Aviopari ilman lapsia"",491"
"091 392 Tapanila,""Avopari ilman lapsia"",251"
"091 392 Tapanila,""Aviopari ja lapsia"",486"
"091 392 Tapanila,""Avopari ja lapsia"",145"
"091 392 Tapanila,""aiti ja lapsia"",247"
"091 392 Tapanila,""Isa ja lapsia"",32"
"091 504 Suutarilan peruspiiri,""Perheet yhteensa"",3277"
"091 504 Suutarilan peruspiiri,""Aviopari ilman lapsia"",1054"
"091 504 Suutarilan peruspiiri,""Avopari ilman lapsia"",420"
"091 504 Suutarilan peruspiiri,""Aviopari ja lapsia"",998"
"091 504 Suutarilan peruspiiri,""Avopari ja lapsia"",283"
"091 504 Suutarilan peruspiiri,""aiti ja lapsia"",442"
"091 504 Suutarilan peruspiiri,""Isa ja lapsia"",80"
"091 401 Siltamaki,""Perheet yhteensa"",2230"
"091 401 Siltamaki,""Aviopari ilman lapsia"",706"
"091 401 Siltamaki,""Avopari ilman lapsia"",317"
"091 401 Siltamaki,""Aviopari ja lapsia"",646"
"091 401 Siltamaki,""Avopari ja lapsia"",199"
"091 401 Siltamaki,""aiti ja lapsia"",308"
"091 401 Siltamaki,""Isa ja lapsia"",54"
"091 403 Toyrynummi,""Perheet yhteensa"",1047"
"091 403 Toyrynummi,""Aviopari ilman lapsia"",348"
"091 403 Toyrynummi,""Avopari ilman lapsia"",103"
"091 403 Toyrynummi,""Aviopari ja lapsia"",352"
"091 403 Toyrynummi,""Avopari ja lapsia"",84"
"091 403 Toyrynummi,""aiti ja lapsia"",134"
"091 403 Toyrynummi,""Isa ja lapsia"",26"
"091 505 Puistolan peruspiiri,""Perheet yhteensa"",5609"
"091 505 Puistolan peruspiiri,""Aviopari ilman lapsia"",1759"
"091 505 Puistolan peruspiiri,""Avopari ilman lapsia"",714"
"091 505 Puistolan peruspiiri,""Aviopari ja lapsia"",1801"
"091 505 Puistolan peruspiiri,""Avopari ja lapsia"",510"
"091 505 Puistolan peruspiiri,""aiti ja lapsia"",700"
"091 505 Puistolan peruspiiri,""Isa ja lapsia"",125"
"091 402 Tapulikaupunki,""Perheet yhteensa"",2243"
"091 402 Tapulikaupunki,""Aviopari ilman lapsia"",673"
"091 402 Tapulikaupunki,""Avopari ilman lapsia"",327"
"091 402 Tapulikaupunki,""Aviopari ja lapsia"",653"
"091 402 Tapulikaupunki,""Avopari ja lapsia"",183"
"091 402 Tapulikaupunki,""aiti ja lapsia"",347"
"091 402 Tapulikaupunki,""Isa ja lapsia"",60"
"091 411 Puistola,""Perheet yhteensa"",2025"
"091 411 Puistola,""Aviopari ilman lapsia"",719"
"091 411 Puistola,""Avopari ilman lapsia"",216"
"091 411 Puistola,""Aviopari ja lapsia"",675"
"091 411 Puistola,""Avopari ja lapsia"",183"
"091 411 Puistola,""aiti ja lapsia"",197"
"091 411 Puistola,""Isa ja lapsia"",35"
"091 412 Heikinlaakso,""Perheet yhteensa"",864"
"091 412 Heikinlaakso,""Aviopari ilman lapsia"",265"
"091 412 Heikinlaakso,""Avopari ilman lapsia"",85"
"091 412 Heikinlaakso,""Aviopari ja lapsia"",330"
"091 412 Heikinlaakso,""Avopari ja lapsia"",83"
"091 412 Heikinlaakso,""aiti ja lapsia"",85"
"091 412 Heikinlaakso,""Isa ja lapsia"",16"
"091 413 Tattarisuo,""Perheet yhteensa"",.."
"091 413 Tattarisuo,""Aviopari ilman lapsia"",.."
"091 413 Tattarisuo,""Avopari ilman lapsia"",.."
"091 413 Tattarisuo,""Aviopari ja lapsia"",.."
"091 413 Tattarisuo,""Avopari ja lapsia"",.."
"091 413 Tattarisuo,""aiti ja lapsia"",.."
"091 413 Tattarisuo,""Isa ja lapsia"",.."
"091 415 Alppikyla,""Perheet yhteensa"",477"
"091 415 Alppikyla,""Aviopari ilman lapsia"",102"
"091 415 Alppikyla,""Avopari ilman lapsia"",86"
"091 415 Alppikyla,""Aviopari ja lapsia"",143"
"091 415 Alppikyla,""Avopari ja lapsia"",61"
"091 415 Alppikyla,""aiti ja lapsia"",71"
"091 415 Alppikyla,""Isa ja lapsia"",14"
"091 506 Jakomaen peruspiiri,""Perheet yhteensa"",1267"
"091 506 Jakomaen peruspiiri,""Aviopari ilman lapsia"",331"
"091 506 Jakomaen peruspiiri,""Avopari ilman lapsia"",205"
"091 506 Jakomaen peruspiiri,""Aviopari ja lapsia"",308"
"091 506 Jakomaen peruspiiri,""Avopari ja lapsia"",75"
"091 506 Jakomaen peruspiiri,""aiti ja lapsia"",323"
"091 506 Jakomaen peruspiiri,""Isa ja lapsia"",25"
"091 414 Jakomaki,""Perheet yhteensa"",1267"
"091 414 Jakomaki,""Aviopari ilman lapsia"",331"
"091 414 Jakomaki,""Avopari ilman lapsia"",205"
"091 414 Jakomaki,""Aviopari ja lapsia"",308"
"091 414 Jakomaki,""Avopari ja lapsia"",75"
"091 414 Jakomaki,""aiti ja lapsia"",323"
"091 414 Jakomaki,""Isa ja lapsia"",25"
"091 601 Kulosaaren peruspiiri,""Perheet yhteensa"",1101"
"091 601 Kulosaaren peruspiiri,""Aviopari ilman lapsia"",307"
"091 601 Kulosaaren peruspiiri,""Avopari ilman lapsia"",174"
"091 601 Kulosaaren peruspiiri,""Aviopari ja lapsia"",382"
"091 601 Kulosaaren peruspiiri,""Avopari ja lapsia"",80"
"091 601 Kulosaaren peruspiiri,""aiti ja lapsia"",130"
"091 601 Kulosaaren peruspiiri,""Isa ja lapsia"",28"
"091 190 Mustikkamaa-Korkeasaari,""Perheet yhteensa"",.."
"091 190 Mustikkamaa-Korkeasaari,""Aviopari ilman lapsia"",.."
"091 190 Mustikkamaa-Korkeasaari,""Avopari ilman lapsia"",.."
"091 190 Mustikkamaa-Korkeasaari,""Aviopari ja lapsia"",.."
"091 190 Mustikkamaa-Korkeasaari,""Avopari ja lapsia"",.."
"091 190 Mustikkamaa-Korkeasaari,""aiti ja lapsia"",.."
"091 190 Mustikkamaa-Korkeasaari,""Isa ja lapsia"",.."
"091 420 Kulosaari,""Perheet yhteensa"",1096"
"091 420 Kulosaari,""Aviopari ilman lapsia"",305"
"091 420 Kulosaari,""Avopari ilman lapsia"",173"
"091 420 Kulosaari,""Aviopari ja lapsia"",381"
"091 420 Kulosaari,""Avopari ja lapsia"",80"
"091 420 Kulosaari,""aiti ja lapsia"",129"
"091 420 Kulosaari,""Isa ja lapsia"",28"
"091 602 Herttoniemen peruspiiri,""Perheet yhteensa"",7585"
"091 602 Herttoniemen peruspiiri,""Aviopari ilman lapsia"",2026"
"091 602 Herttoniemen peruspiiri,""Avopari ilman lapsia"",1764"
"091 602 Herttoniemen peruspiiri,""Aviopari ja lapsia"",1809"
"091 602 Herttoniemen peruspiiri,""Avopari ja lapsia"",661"
"091 602 Herttoniemen peruspiiri,""aiti ja lapsia"",1149"
"091 602 Herttoniemen peruspiiri,""Isa ja lapsia"",176"
"091 431 Lansi-Herttoniemi,""Perheet yhteensa"",2060"
"091 431 Lansi-Herttoniemi,""Aviopari ilman lapsia"",513"
"091 431 Lansi-Herttoniemi,""Avopari ilman lapsia"",552"
"091 431 Lansi-Herttoniemi,""Aviopari ja lapsia"",460"
"091 431 Lansi-Herttoniemi,""Avopari ja lapsia"",190"
"091 431 Lansi-Herttoniemi,""aiti ja lapsia"",295"
"091 431 Lansi-Herttoniemi,""Isa ja lapsia"",50"
"091 432 Roihuvuori,""Perheet yhteensa"",1939"
"091 432 Roihuvuori,""Aviopari ilman lapsia"",478"
"091 432 Roihuvuori,""Avopari ilman lapsia"",401"
"091 432 Roihuvuori,""Aviopari ja lapsia"",461"
"091 432 Roihuvuori,""Avopari ja lapsia"",205"
"091 432 Roihuvuori,""aiti ja lapsia"",347"
"091 432 Roihuvuori,""Isa ja lapsia"",47"
"091 433 Herttoniemen yritysalue,""Perheet yhteensa"",457"
"091 433 Herttoniemen yritysalue,""Aviopari ilman lapsia"",105"
"091 433 Herttoniemen yritysalue,""Avopari ilman lapsia"",158"
"091 433 Herttoniemen yritysalue,""Aviopari ja lapsia"",83"
"091 433 Herttoniemen yritysalue,""Avopari ja lapsia"",30"
"091 433 Herttoniemen yritysalue,""aiti ja lapsia"",72"
"091 433 Herttoniemen yritysalue,""Isa ja lapsia"",9"
"091 434 Herttoniemenranta,""Perheet yhteensa"",2448"
"091 434 Herttoniemenranta,""Aviopari ilman lapsia"",669"
"091 434 Herttoniemenranta,""Avopari ilman lapsia"",588"
"091 434 Herttoniemenranta,""Aviopari ja lapsia"",563"
"091 434 Herttoniemenranta,""Avopari ja lapsia"",178"
"091 434 Herttoniemenranta,""aiti ja lapsia"",396"
"091 434 Herttoniemenranta,""Isa ja lapsia"",54"
"091 440 Tammisalo,""Perheet yhteensa"",681"
"091 440 Tammisalo,""Aviopari ilman lapsia"",261"
"091 440 Tammisalo,""Avopari ilman lapsia"",65"
"091 440 Tammisalo,""Aviopari ja lapsia"",242"
"091 440 Tammisalo,""Avopari ja lapsia"",58"
"091 440 Tammisalo,""aiti ja lapsia"",39"
"091 440 Tammisalo,""Isa ja lapsia"",16"
"091 603 Laajasalon peruspiiri,""Perheet yhteensa"",6249"
"091 603 Laajasalon peruspiiri,""Aviopari ilman lapsia"",1961"
"091 603 Laajasalon peruspiiri,""Avopari ilman lapsia"",941"
"091 603 Laajasalon peruspiiri,""Aviopari ja lapsia"",1756"
"091 603 Laajasalon peruspiiri,""Avopari ja lapsia"",598"
"091 603 Laajasalon peruspiiri,""aiti ja lapsia"",856"
"091 603 Laajasalon peruspiiri,""Isa ja lapsia"",137"
"091 480 Vartiosaari,""Perheet yhteensa"",.."
"091 480 Vartiosaari,""Aviopari ilman lapsia"",.."
"091 480 Vartiosaari,""Avopari ilman lapsia"",.."
"091 480 Vartiosaari,""Aviopari ja lapsia"",.."
"091 480 Vartiosaari,""Avopari ja lapsia"",.."
"091 480 Vartiosaari,""aiti ja lapsia"",.."
"091 480 Vartiosaari,""Isa ja lapsia"",.."
"091 491 Yliskyla,""Perheet yhteensa"",3559"
"091 491 Yliskyla,""Aviopari ilman lapsia"",1176"
"091 491 Yliskyla,""Avopari ilman lapsia"",532"
"091 491 Yliskyla,""Aviopari ja lapsia"",920"
"091 491 Yliskyla,""Avopari ja lapsia"",324"
"091 491 Yliskyla,""aiti ja lapsia"",522"
"091 491 Yliskyla,""Isa ja lapsia"",85"
"091 492 Jollas,""Perheet yhteensa"",947"
"091 492 Jollas,""Aviopari ilman lapsia"",310"
"091 492 Jollas,""Avopari ilman lapsia"",80"
"091 492 Jollas,""Aviopari ja lapsia"",341"
"091 492 Jollas,""Avopari ja lapsia"",81"
"091 492 Jollas,""aiti ja lapsia"",113"
"091 492 Jollas,""Isa ja lapsia"",22"
"091 493 Tullisaari,""Perheet yhteensa"",375"
"091 493 Tullisaari,""Aviopari ilman lapsia"",113"
"091 493 Tullisaari,""Avopari ilman lapsia"",86"
"091 493 Tullisaari,""Aviopari ja lapsia"",79"
"091 493 Tullisaari,""Avopari ja lapsia"",40"
"091 493 Tullisaari,""aiti ja lapsia"",53"
"091 493 Tullisaari,""Isa ja lapsia"",4"
"091 494 Kruunuvuorenranta,""Perheet yhteensa"",801"
"091 494 Kruunuvuorenranta,""Aviopari ilman lapsia"",214"
"091 494 Kruunuvuorenranta,""Avopari ilman lapsia"",162"
"091 494 Kruunuvuorenranta,""Aviopari ja lapsia"",227"
"091 494 Kruunuvuorenranta,""Avopari ja lapsia"",86"
"091 494 Kruunuvuorenranta,""aiti ja lapsia"",101"
"091 494 Kruunuvuorenranta,""Isa ja lapsia"",11"
"091 495 Hevossalmi,""Perheet yhteensa"",484"
"091 495 Hevossalmi,""Aviopari ilman lapsia"",129"
"091 495 Hevossalmi,""Avopari ilman lapsia"",55"
"091 495 Hevossalmi,""Aviopari ja lapsia"",170"
"091 495 Hevossalmi,""Avopari ja lapsia"",59"
"091 495 Hevossalmi,""aiti ja lapsia"",61"
"091 495 Hevossalmi,""Isa ja lapsia"",10"
"091 500 Villinki,""Perheet yhteensa"",.."
"091 500 Villinki,""Aviopari ilman lapsia"",.."
"091 500 Villinki,""Avopari ilman lapsia"",.."
"091 500 Villinki,""Aviopari ja lapsia"",.."
"091 500 Villinki,""Avopari ja lapsia"",.."
"091 500 Villinki,""aiti ja lapsia"",.."
"091 500 Villinki,""Isa ja lapsia"",.."
"091 510 Santahamina,""Perheet yhteensa"",.."
"091 510 Santahamina,""Aviopari ilman lapsia"",.."
"091 510 Santahamina,""Avopari ilman lapsia"",.."
"091 510 Santahamina,""Aviopari ja lapsia"",.."
"091 510 Santahamina,""Avopari ja lapsia"",.."
"091 510 Santahamina,""aiti ja lapsia"",.."
"091 510 Santahamina,""Isa ja lapsia"",.."
"091 532 Itasaaret,""Perheet yhteensa"",.."
"091 532 Itasaaret,""Aviopari ilman lapsia"",.."
"091 532 Itasaaret,""Avopari ilman lapsia"",.."
"091 532 Itasaaret,""Aviopari ja lapsia"",.."
"091 532 Itasaaret,""Avopari ja lapsia"",.."
"091 532 Itasaaret,""aiti ja lapsia"",.."
"091 532 Itasaaret,""Isa ja lapsia"",.."
"091 701 Vartiokylan peruspiiri,""Perheet yhteensa"",5458"
"091 701 Vartiokylan peruspiiri,""Aviopari ilman lapsia"",1747"
"091 701 Vartiokylan peruspiiri,""Avopari ilman lapsia"",853"
"091 701 Vartiokylan peruspiiri,""Aviopari ja lapsia"",1530"
"091 701 Vartiokylan peruspiiri,""Avopari ja lapsia"",426"
"091 701 Vartiokylan peruspiiri,""aiti ja lapsia"",780"
"091 701 Vartiokylan peruspiiri,""Isa ja lapsia"",122"
"091 451 Vartioharju,""Perheet yhteensa"",1822"
"091 451 Vartioharju,""Aviopari ilman lapsia"",625"
"091 451 Vartioharju,""Avopari ilman lapsia"",239"
"091 451 Vartioharju,""Aviopari ja lapsia"",567"
"091 451 Vartioharju,""Avopari ja lapsia"",177"
"091 451 Vartioharju,""aiti ja lapsia"",172"
"091 451 Vartioharju,""Isa ja lapsia"",42"
"091 452 Puotila,""Perheet yhteensa"",1058"
"091 452 Puotila,""Aviopari ilman lapsia"",314"
"091 452 Puotila,""Avopari ilman lapsia"",222"
"091 452 Puotila,""Aviopari ja lapsia"",223"
"091 452 Puotila,""Avopari ja lapsia"",92"
"091 452 Puotila,""aiti ja lapsia"",185"
"091 452 Puotila,""Isa ja lapsia"",22"
"091 453 Puotinharju,""Perheet yhteensa"",943"
"091 453 Puotinharju,""Aviopari ilman lapsia"",287"
"091 453 Puotinharju,""Avopari ilman lapsia"",168"
"091 453 Puotinharju,""Aviopari ja lapsia"",244"
"091 453 Puotinharju,""Avopari ja lapsia"",53"
"091 453 Puotinharju,""aiti ja lapsia"",167"
"091 453 Puotinharju,""Isa ja lapsia"",24"
"091 455 Marjaniemi,""Perheet yhteensa"",641"
"091 455 Marjaniemi,""Aviopari ilman lapsia"",255"
"091 455 Marjaniemi,""Avopari ilman lapsia"",57"
"091 455 Marjaniemi,""Aviopari ja lapsia"",243"
"091 455 Marjaniemi,""Avopari ja lapsia"",39"
"091 455 Marjaniemi,""aiti ja lapsia"",37"
"091 455 Marjaniemi,""Isa ja lapsia"",10"
"091 456 Roihupelto,""Perheet yhteensa"",.."
"091 456 Roihupelto,""Aviopari ilman lapsia"",.."
"091 456 Roihupelto,""Avopari ilman lapsia"",.."
"091 456 Roihupelto,""Aviopari ja lapsia"",.."
"091 456 Roihupelto,""Avopari ja lapsia"",.."
"091 456 Roihupelto,""aiti ja lapsia"",.."
"091 456 Roihupelto,""Isa ja lapsia"",.."
"091 457 Itakeskus,""Perheet yhteensa"",990"
"091 457 Itakeskus,""Aviopari ilman lapsia"",266"
"091 457 Itakeskus,""Avopari ilman lapsia"",163"
"091 457 Itakeskus,""Aviopari ja lapsia"",253"
"091 457 Itakeskus,""Avopari ja lapsia"",65"
"091 457 Itakeskus,""aiti ja lapsia"",219"
"091 457 Itakeskus,""Isa ja lapsia"",24"
"091 702 Myllypuron peruspiiri,""Perheet yhteensa"",3294"
"091 702 Myllypuron peruspiiri,""Aviopari ilman lapsia"",983"
"091 702 Myllypuron peruspiiri,""Avopari ilman lapsia"",516"
"091 702 Myllypuron peruspiiri,""Aviopari ja lapsia"",892"
"091 702 Myllypuron peruspiiri,""Avopari ja lapsia"",294"
"091 702 Myllypuron peruspiiri,""aiti ja lapsia"",513"
"091 702 Myllypuron peruspiiri,""Isa ja lapsia"",96"
"091 454 Myllypuro,""Perheet yhteensa"",3294"
"091 454 Myllypuro,""Aviopari ilman lapsia"",983"
"091 454 Myllypuro,""Avopari ilman lapsia"",516"
"091 454 Myllypuro,""Aviopari ja lapsia"",892"
"091 454 Myllypuro,""Avopari ja lapsia"",294"
"091 454 Myllypuro,""aiti ja lapsia"",513"
"091 454 Myllypuro,""Isa ja lapsia"",96"
"091 703 Mellunkylan peruspiiri,""Perheet yhteensa"",9482"
"091 703 Mellunkylan peruspiiri,""Aviopari ilman lapsia"",2861"
"091 703 Mellunkylan peruspiiri,""Avopari ilman lapsia"",1347"
"091 703 Mellunkylan peruspiiri,""Aviopari ja lapsia"",2540"
"091 703 Mellunkylan peruspiiri,""Avopari ja lapsia"",656"
"091 703 Mellunkylan peruspiiri,""aiti ja lapsia"",1825"
"091 703 Mellunkylan peruspiiri,""Isa ja lapsia"",253"
"091 471 Kontula,""Perheet yhteensa"",3345"
"091 471 Kontula,""Aviopari ilman lapsia"",1002"
"091 471 Kontula,""Avopari ilman lapsia"",467"
"091 471 Kontula,""Aviopari ja lapsia"",885"
"091 471 Kontula,""Avopari ja lapsia"",212"
"091 471 Kontula,""aiti ja lapsia"",680"
"091 471 Kontula,""Isa ja lapsia"",99"
"091 472 Vesala,""Perheet yhteensa"",1876"
"091 472 Vesala,""Aviopari ilman lapsia"",562"
"091 472 Vesala,""Avopari ilman lapsia"",249"
"091 472 Vesala,""Aviopari ja lapsia"",503"
"091 472 Vesala,""Avopari ja lapsia"",148"
"091 472 Vesala,""aiti ja lapsia"",366"
"091 472 Vesala,""Isa ja lapsia"",48"
"091 473 Mellunmaki,""Perheet yhteensa"",2226"
"091 473 Mellunmaki,""Aviopari ilman lapsia"",782"
"091 473 Mellunmaki,""Avopari ilman lapsia"",341"
"091 473 Mellunmaki,""Aviopari ja lapsia"",535"
"091 473 Mellunmaki,""Avopari ja lapsia"",159"
"091 473 Mellunmaki,""aiti ja lapsia"",360"
"091 473 Mellunmaki,""Isa ja lapsia"",49"
"091 474 Kivikko,""Perheet yhteensa"",1304"
"091 474 Kivikko,""Aviopari ilman lapsia"",327"
"091 474 Kivikko,""Avopari ilman lapsia"",161"
"091 474 Kivikko,""Aviopari ja lapsia"",401"
"091 474 Kivikko,""Avopari ja lapsia"",91"
"091 474 Kivikko,""aiti ja lapsia"",286"
"091 474 Kivikko,""Isa ja lapsia"",38"
"091 475 Kurkimaki,""Perheet yhteensa"",731"
"091 475 Kurkimaki,""Aviopari ilman lapsia"",188"
"091 475 Kurkimaki,""Avopari ilman lapsia"",129"
"091 475 Kurkimaki,""Aviopari ja lapsia"",216"
"091 475 Kurkimaki,""Avopari ja lapsia"",46"
"091 475 Kurkimaki,""aiti ja lapsia"",133"
"091 475 Kurkimaki,""Isa ja lapsia"",19"
"091 704 Vuosaaren peruspiiri,""Perheet yhteensa"",9901"
"091 704 Vuosaaren peruspiiri,""Aviopari ilman lapsia"",3185"
"091 704 Vuosaaren peruspiiri,""Avopari ilman lapsia"",1488"
"091 704 Vuosaaren peruspiiri,""Aviopari ja lapsia"",2505"
"091 704 Vuosaaren peruspiiri,""Avopari ja lapsia"",714"
"091 704 Vuosaaren peruspiiri,""aiti ja lapsia"",1765"
"091 704 Vuosaaren peruspiiri,""Isa ja lapsia"",244"
"091 541 Keski-Vuosaari,""Perheet yhteensa"",3417"
"091 541 Keski-Vuosaari,""Aviopari ilman lapsia"",1125"
"091 541 Keski-Vuosaari,""Avopari ilman lapsia"",525"
"091 541 Keski-Vuosaari,""Aviopari ja lapsia"",854"
"091 541 Keski-Vuosaari,""Avopari ja lapsia"",270"
"091 541 Keski-Vuosaari,""aiti ja lapsia"",562"
"091 541 Keski-Vuosaari,""Isa ja lapsia"",81"
"091 542 Nordsjon kartano,""Perheet yhteensa"",.."
"091 542 Nordsjon kartano,""Aviopari ilman lapsia"",.."
"091 542 Nordsjon kartano,""Avopari ilman lapsia"",.."
"091 542 Nordsjon kartano,""Aviopari ja lapsia"",.."
"091 542 Nordsjon kartano,""Avopari ja lapsia"",.."
"091 542 Nordsjon kartano,""aiti ja lapsia"",.."
"091 542 Nordsjon kartano,""Isa ja lapsia"",.."
"091 543 Uutela,""Perheet yhteensa"",.."
"091 543 Uutela,""Aviopari ilman lapsia"",.."
"091 543 Uutela,""Avopari ilman lapsia"",.."
"091 543 Uutela,""Aviopari ja lapsia"",.."
"091 543 Uutela,""Avopari ja lapsia"",.."
"091 543 Uutela,""aiti ja lapsia"",.."
"091 543 Uutela,""Isa ja lapsia"",.."
"091 544 Meri-Rastila,""Perheet yhteensa"",1358"
"091 544 Meri-Rastila,""Aviopari ilman lapsia"",390"
"091 544 Meri-Rastila,""Avopari ilman lapsia"",219"
"091 544 Meri-Rastila,""Aviopari ja lapsia"",359"
"091 544 Meri-Rastila,""Avopari ja lapsia"",84"
"091 544 Meri-Rastila,""aiti ja lapsia"",285"
"091 544 Meri-Rastila,""Isa ja lapsia"",21"
"091 545 Kallahti,""Perheet yhteensa"",1618"
"091 545 Kallahti,""Aviopari ilman lapsia"",439"
"091 545 Kallahti,""Avopari ilman lapsia"",208"
"091 545 Kallahti,""Aviopari ja lapsia"",403"
"091 545 Kallahti,""Avopari ja lapsia"",99"
"091 545 Kallahti,""aiti ja lapsia"",412"
"091 545 Kallahti,""Isa ja lapsia"",57"
"091 546 Aurinkolahti,""Perheet yhteensa"",2251"
"091 546 Aurinkolahti,""Aviopari ilman lapsia"",830"
"091 546 Aurinkolahti,""Avopari ilman lapsia"",411"
"091 546 Aurinkolahti,""Aviopari ja lapsia"",507"
"091 546 Aurinkolahti,""Avopari ja lapsia"",163"
"091 546 Aurinkolahti,""aiti ja lapsia"",293"
"091 546 Aurinkolahti,""Isa ja lapsia"",47"
"091 547 Rastila,""Perheet yhteensa"",1253"
"091 547 Rastila,""Aviopari ilman lapsia"",400"
"091 547 Rastila,""Avopari ilman lapsia"",124"
"091 547 Rastila,""Aviopari ja lapsia"",382"
"091 547 Rastila,""Avopari ja lapsia"",98"
"091 547 Rastila,""aiti ja lapsia"",212"
"091 547 Rastila,""Isa ja lapsia"",37"
"091 548 Niinisaari,""Perheet yhteensa"",.."
"091 548 Niinisaari,""Aviopari ilman lapsia"",.."
"091 548 Niinisaari,""Avopari ilman lapsia"",.."
"091 548 Niinisaari,""Aviopari ja lapsia"",.."
"091 548 Niinisaari,""Avopari ja lapsia"",.."
"091 548 Niinisaari,""aiti ja lapsia"",.."
"091 548 Niinisaari,""Isa ja lapsia"",.."
"091 549 Mustavuori,""Perheet yhteensa"",.."
"091 549 Mustavuori,""Aviopari ilman lapsia"",.."
"091 549 Mustavuori,""Avopari ilman lapsia"",.."
"091 549 Mustavuori,""Aviopari ja lapsia"",.."
"091 549 Mustavuori,""Avopari ja lapsia"",.."
"091 549 Mustavuori,""aiti ja lapsia"",.."
"091 549 Mustavuori,""Isa ja lapsia"",.."
"091 801 ostersundomin peruspiiri,""Perheet yhteensa"",542"
"091 801 ostersundomin peruspiiri,""Aviopari ilman lapsia"",176"
"091 801 ostersundomin peruspiiri,""Avopari ilman lapsia"",53"
"091 801 ostersundomin peruspiiri,""Aviopari ja lapsia"",218"
"091 801 ostersundomin peruspiiri,""Avopari ja lapsia"",40"
"091 801 ostersundomin peruspiiri,""aiti ja lapsia"",32"
"091 801 ostersundomin peruspiiri,""Isa ja lapsia"",23"
"091 550 ostersundom,""Perheet yhteensa"",123"
"091 550 ostersundom,""Aviopari ilman lapsia"",39"
"091 550 ostersundom,""Avopari ilman lapsia"",20"
"091 550 ostersundom,""Aviopari ja lapsia"",37"
"091 550 ostersundom,""Avopari ja lapsia"",8"
"091 550 ostersundom,""aiti ja lapsia"",10"
"091 550 ostersundom,""Isa ja lapsia"",9"
"091 560 Salmenkallio,""Perheet yhteensa"",.."
"091 560 Salmenkallio,""Aviopari ilman lapsia"",.."
"091 560 Salmenkallio,""Avopari ilman lapsia"",.."
"091 560 Salmenkallio,""Aviopari ja lapsia"",.."
"091 560 Salmenkallio,""Avopari ja lapsia"",.."
"091 560 Salmenkallio,""aiti ja lapsia"",.."
"091 560 Salmenkallio,""Isa ja lapsia"",.."
"091 570 Talosaari,""Perheet yhteensa"",.."
"091 570 Talosaari,""Aviopari ilman lapsia"",.."
"091 570 Talosaari,""Avopari ilman lapsia"",.."
"091 570 Talosaari,""Aviopari ja lapsia"",.."
"091 570 Talosaari,""Avopari ja lapsia"",.."
"091 570 Talosaari,""aiti ja lapsia"",.."
"091 570 Talosaari,""Isa ja lapsia"",.."
"091 580 Karhusaari,""Perheet yhteensa"",127"
"091 580 Karhusaari,""Aviopari ilman lapsia"",43"
"091 580 Karhusaari,""Avopari ilman lapsia"",9"
"091 580 Karhusaari,""Aviopari ja lapsia"",54"
"091 580 Karhusaari,""Avopari ja lapsia"",11"
"091 580 Karhusaari,""aiti ja lapsia"",5"
"091 580 Karhusaari,""Isa ja lapsia"",5"
"091 591 Landbo,""Perheet yhteensa"",218"
"091 591 Landbo,""Aviopari ilman lapsia"",64"
"091 591 Landbo,""Avopari ilman lapsia"",12"
"091 591 Landbo,""Aviopari ja lapsia"",107"
"091 591 Landbo,""Avopari ja lapsia"",15"
"091 591 Landbo,""aiti ja lapsia"",14"
"091 591 Landbo,""Isa ja lapsia"",6"
"091 592 Puroniitty,""Perheet yhteensa"",.."
"091 592 Puroniitty,""Aviopari ilman lapsia"",.."
"091 592 Puroniitty,""Avopari ilman lapsia"",.."
"091 592 Puroniitty,""Aviopari ja lapsia"",.."
"091 592 Puroniitty,""Avopari ja lapsia"",.."
"091 592 Puroniitty,""aiti ja lapsia"",.."
"091 592 Puroniitty,""Isa ja lapsia"",.."
"091 999 Muut,""Perheet yhteensa"",.."
"091 999 Muut,""Aviopari ilman lapsia"",.."
"091 999 Muut,""Avopari ilman lapsia"",.."
"091 999 Muut,""Aviopari ja lapsia"",.."
"091 999 Muut,""Avopari ja lapsia"",.."
"091 999 Muut,""aiti ja lapsia"",.."
"091 999 Muut,""Isa ja lapsia"",.."
"091 998 Kantakaupunki,""Perheet yhteensa"",50386"
"091 998 Kantakaupunki,""Aviopari ilman lapsia"",14357"
"091 998 Kantakaupunki,""Avopari ilman lapsia"",15675"
"091 998 Kantakaupunki,""Aviopari ja lapsia"",10220"
"091 998 Kantakaupunki,""Avopari ja lapsia"",3900"
"091 998 Kantakaupunki,""aiti ja lapsia"",5278"
"091 998 Kantakaupunki,""Isa ja lapsia"",956"
"091 997 Esikaupungit,""Perheet yhteensa"",111031"
"091 997 Esikaupungit,""Aviopari ilman lapsia"",33207"
"091 997 Esikaupungit,""Avopari ilman lapsia"",19196"
"091 997 Esikaupungit,""Aviopari ja lapsia"",30628"
"091 997 Esikaupungit,""Avopari ja lapsia"",9297"
"091 997 Esikaupungit,""aiti ja lapsia"",16165"
"091 997 Esikaupungit,""Isa ja lapsia"",2538"
